name,format,version_current,python_min,outdated_python_min,optimize_count,optimize_codes,validate_passed,validate_errors,validate_warnings,version_latest,is_outdated,cve_count,cve_ids,error
a2a-sdk,v1,1.0.0,3.10,,0,,,,,,,,,
a2wsgi,v0,1.10.7,,,0,,,,,,,,,
acachecontrol,v0,0.3.5,,,0,,,,,,,,,
acp-mcp,v1,0.4.2,3.10,,0,,,,,,,,,
acp-mcp-server,v1,0.0.5,3.11,,0,,,,,,,,,
acp-sdk,v1,1.0.3,3.11,,0,,,,,,,,,
actionlint,v1,1.7.7,,,0,,,,,,,,,
acv-exp,v0,1.2.3,,,0,,,,,,,,,
adk-agui-middleware,v0,1.5.1,3.11,,0,,,,,,,,,
ag-ui-crewai,v1,0.2.0,3.10,,0,,,,,,,,,
ag-ui-langgraph,both,0.0.31,3.10,,0,,,,,,,,,
ag-ui-protocol,both,0.1.13,3.10,,0,,,,,,,,,
ag_ui_adk,v1,0.6.0,3.10,,0,,,,,,,,,
ag_ui_strands,v1,0.1.7,3.12,,0,,,,,,,,,
agent-framework-a2a,v0,1.0.0b251211,3.10,,0,,,,,,,,,
agent-skills,v0,0.5.0,,,0,,,,,,,,,
agents-at-scale-ark,both,0.1.43,3.12,,0,,,,,,,,,
agntcy-acp,v1,1.5.2,3.10,,0,,,,,,,,,
ahlive,v0,1.0.4.post1,,,0,,,,,,,,,
ai-storyteller-cli,v1,0.3.0,3.10,,0,,,,,,,,,
aif360,v0,0.5.0,,,0,,,,,,,,,
aimodelshare,v0,0.1.5,,,0,,,,,,,,,
aiobotocore,v0,2.8.0,,,0,,,,,,,,,
aiohttp-asgi-connector,v1,1.1.2,3.10,,0,,,,,,,,,
airflow,v0,3.1.3,3.10,,0,,,,,,,,,
airflow-code-editor,v0,7.4.1,,,0,,,,,,,,,
airflow-provider-great-expectations,v0,0.2.8,,,0,,,,,,,,,
airfly,v0,1.0.0,,,0,,,,,,,,,
aix360,v0,0.2.1,,,0,,,,,,,,,
alang,v0,0.0.4,3.10,,0,,,,,,,,,
alt-profanity-check,both,1.8.0,3.11,,0,,,,,,,,,
amqp,v0,5.2.0,,,0,,,,,,,,,
amundsen-common,v0,0.32.0,,,0,,,,,,,,,
amundsen-databuilder,v0,7.4.3,,,0,,,,,,,,,
amundsen-frontend,v0,4.2.0,,,0,,,,,,,,,
amundsen-metadata,v0,3.13.0,,,0,,,,,,,,,
amundsen-search,v0,4.2.0,,,0,,,,,,,,,
anaconda-catalogs,v0,0.2.0,,,0,,,,,,,,,
anaconda-project,v0,0.11.1,,,0,,,,,,,,,
analytics-python,v0,1.4.post1,,,0,,,,,,,,,
anchor-exp,v0,0.0.2.0,,,0,,,,,,,,,
ansi2html,v0,1.9.1,,,0,,,,,,,,,
antlr4-tools,v0,0.2.1,,,0,,,,,,,,,
apache-airflow,v0,2.7.0,,,0,,,,,,,,,
apache-airflow-providers-apache-livy,v0,3.5.4,,,0,,,,,,,,,
apache-airflow-providers-openlineage,v0,1.0.1,,,0,,,,,,,,,
apache-atlas,v0,0.0.16,,,0,,,,,,,,,
apache-superset,both,4.1.2,3.10,,0,,,,,,,,,
apache-tika,v0,3.2.3,,,0,,,,,,,,,
apache-tika-all,v0,,,,0,,,,,,,,,
apitally,v1,0.23.0,3.10,,0,,,,,,,,,
appdynamics,v0,25.1.0.7425,3.8,True,0,,,,,,,,,
appdynamics-bindeps-linux-x64,v0,24.12.0,3.12,,0,,,,,,,,,
appdynamics-proxysupport-linux-x64,v0,11.72.3,3.7,True,0,,,,,,,,,
apple-fm-sdk,v1,0.1.1,3.10,,0,,,,,,,,,
argo-jupyter-scheduler,v1,2024.6.1,,,0,,,,,,,,,
argon2-cffi,v0,23.1.0,,,0,,,,,,,,,
ark-sdk,both,0.1.43,3.12,,0,,,,,,,,,
ark-sdk-builder,both,0.1.43,3.12,,0,,,,,,,,,
arrow-flight-client-examples,v0,1.0.0,,,0,,,,,,,,,
askbot,v0,0.12.2,,,0,,,,,,,,,
assertpy,v0,1.1,,,0,,,,,,,,,
ast-decompiler,v0,0.7.0,,,0,,,,,,,,,
asttrs,v0,1.0.0,,,0,,,,,,,,,
asyncio,both,4.0.0,,,0,,,,,,,,,
asyncmock,v0,0.4.2,,,0,,,,,,,,,
atlassian-jwt,v0,3.0.0,,,0,,,,,,,,,
atlassian-jwt-auth,v0,18.0.1,,,0,,,,,,,,,
auditwheel,v0,5.4.0,,,0,,,,,,,,,
auditwheel-emscripten,v0,0.2.3,,,0,,,,,,,,,
authlib,v0,1.3.1,,,0,,,,,,,,,
auto-gptq,v0,0.5.1,,,0,,,,,,,,,
autometrics-py,v0,1.0.0,,,0,,,,,,,,,
avro,v0,1.12.0,,,0,,,,,,,,,
ayx-developer-sdk,v0,,,,0,,,,,,,,,
ayx-plugin-cli,v0,,,,0,,,,,,,,,
azure-ai-ml,both,1.31.0,3.10,,0,,,,,,,,,
azure-core,v0,1.32.0,,,0,,,,,,,,,
azure-core-tracing-opentelemetry,both,1.0.0b12,3.9,True,0,,,,,,,,,
azure-monitor-opentelemetry,both,1.8.7,,,0,,,,,,,,,
azure-monitor-opentelemetry-exporter,both,1.0.0b37,3.9,True,0,,,,,,,,,
azure-storage-file-share,v0,12.24.0,3.10,,0,,,,,,,,,
azure-synapse-nspkg,v0,1.0.0,,,0,,,,,,,,,
azure-synapse-spark,v0,0.7.0,,,0,,,,,,,,,
bandit,v0,1.7.9,,,0,,,,,,,,,
basedmypy,v0,2.1.0,,,0,,,,,,,,,
basedtyping,v0,0.0.3,,,0,,,,,,,,,
batrachian-toad,v1,0.5.6,3.14,,0,,,,,,,,,
bcp47,v0,0.0.4,,,0,,,,,,,,,
behave,both,1.3.1,,,0,,,,,,,,,
behave-django,v0,1.5.0,,,0,,,,,,,,,
behave-html-formatter,v1,0.9.10,3.9,True,0,,,,,,,,,
behave-html-pretty-formatter,both,1.15,3.10,,0,,,,,,,,,
behave-pandas,v1,0.5.0,3.9,True,0,,,,,,,,,
behave-restful,v0,0.4.4,,,0,,,,,,,,,
bento2seldon,v0,0.4.0,,,0,,,,,,,,,
bentoml,both,1.4.30,3.10,,0,,,,,,,,,
bert-extractive-summarizer,v0,0.10.1,,,0,,,,,,,,,
bigframes,both,2.29.1,3.10,,0,,,,,,,,,
blessed,v1,1.22.0,,,0,,,,,,,,,
bmad-builder,both,1.4.0,,,0,,,,,,,,,
bmad-creative-intelligence-suite,v1,0.1.9,,,0,,,,,,,,,
bmad-method,v0,6.2.2,,,0,,,,,,,,,
bmad-method-test-architecture-enterprise,v1,1.13.1,,,0,,,,,,,,,
bmad-method-wds-expansion,v1,0.3.1,,,0,,,,,,,,,
bokeh-django,both,0.2.1,,,0,,,,,,,,,
boring-semantic-layer,v1,0.1.4,3.10,,0,,,,,,,,,
boringcatalog,v1,0.4.0,3.10,,0,,,,,,,,,
buenavista,v0,0.4.0,,,0,,,,,,,,,
buildah,v0,1.24.2,,,0,,,,,,,,,
bump-my-version,v0,0.21.1,,,0,,,,,,,,,
bump2version,v0,1.0.1,,,0,,,,,,,,,
bumpversion,v0,0.6.0,,,0,,,,,,,,,
burr,v0,0.37.0,,,0,,,,,,,,,
bynder-sdk,v0,1.1.5,,,0,,,,,,,,,
cachecontrol,v0,0.14.0,,,0,,,,,,,,,
cachetools,v0,5.3.1,,,0,,,,,,,,,
cartopy,v0,0.23.0,,,0,,,,,,,,,
celery,v0,5.3.6,,,0,,,,,,,,,
channels,v0,4.2.0,,,0,,,,,,,,,
channels_redis,v0,4.2.0,,,0,,,,,,,,,
chromadb,v0,1.1.1,,,0,,,,,,,,,
cityhash,both,0.4.9,3.10,,0,,,,,,,,,
ckan,v0,2.11.0,,,0,,,,,,,,,
claude-code-transcripts,both,0.4,,,0,,,,,,,,,
cleo,v0,2.0.1,,,0,,,,,,,,,
click,v0,8.1.6,,,0,,,,,,,,,
clickclick,v0,1.2.2,,,0,,,,,,,,,
cmd2,v1,2.7.0,,,0,,,,,,,,,
cmudict,v0,1.0.32,,,0,,,,,,,,,
codefind,v1,0.1.7,3.10,,0,,,,,,,,,
coderedcms,both,6.0.0,3.10,,0,,,,,,,,,
collate-data-diff,v1,0.11.5,3.9,True,0,,,,,,,,,
collate-sqlfluff,v1,3.3.5,3.10,,0,,,,,,,,,
collate-sqllineage,both,2.0.0,3.10,,0,,,,,,,,,
collectfast,v0,2.2.0,,,0,,,,,,,,,
collectfasta,v0,3.2.0,,,0,,,,,,,,,
commons-io,v0,2.18.0,,,0,,,,,,,,,
concurrent-log-handler,both,0.9.28,3.10,,0,,,,,,,,,
conda,both,25.7.0,3.9,True,0,,,,,,,,,
conda-lock,v0,2.5.7,,,0,,,,,,,,,
conda-minify,v0,0.1.2,,,0,,,,,,,,,
conda-pip-minimal,v0,0.2.1,,,0,,,,,,,,,
conda-project,v0,0.1.0,,,0,,,,,,,,,
conda-recipe-manager,v1,0.6.1,3.11,,0,,,,,,,,,
condastats,v1,0.2.1,3.10,,0,,,,,,,,,
condense-json,v0,0.1.2,,,0,,,,,,,,,
confection,v0,1.2.0,3.10,,0,,,,,,,,,
configurable-http-proxy,v0,4.5.6,,,0,,,,,,,,,
confluence-markdown-exporter,v1,3.0.3,,,0,,,,,,,,,
confusable-homoglyphs,v0,3.3.1,,,0,,,,,,,,,
connexion,v0,3.0.0a7,,,0,,,,,,,,,
contextvars,both,2.4,,,0,,,,,,,,,
cookiecutter-django,both,2025.05.02,3.12,,0,,,,,,,,,
cookiecutter-django-all,v0,2024.08.30,,,0,,,,,,,,,
cookiecutter-django-core,both,2025.06.13,3.12,,0,,,,,,,,,
copilotkit,v0,1.55.3,3.10,,0,,,,,,,,,
crewai,both,1.14.1,3.10,,0,,,,,,,,,
crewai-files,v0,1.14.1,3.10,,0,,,,,,,,,
crewai-suite,v1,1.14.1,3.10,,0,,,,,,,,,
crewai-tools,both,1.14.1,,,0,,,,,,,,,
crispy-bootstrap4,v0,2022.1,,,0,,,,,,,,,
crispy-bootstrap5,v0,2024.10,,,0,,,,,,,,,
crispy-forms-gds,v0,0.3.1,,,0,,,,,,,,,
cron-descriptor,v0,1.4.0,,,0,,,,,,,,,
cssbeautifier,v0,1.15.0,,,0,,,,,,,,,
cssselect2,both,0.8.0,3.9,True,0,,,,,,,,,
csv2parquet,v0,0.0.9,,,0,,,,,,,,,
CTranslate2,both,4.6.0,,,0,,,,,,,,,
cucumber-expressions,both,18.1.0,3.10,,0,,,,,,,,,
cucumber-tag-expressions,v0,6.1.0,,,0,,,,,,,,,
culsans,v1,0.11.0,3.10,,0,,,,,,,,,
curl-cffi,both,0.11.1,3.9,True,0,,,,,,,,,
customersatisfactionmetrics,v0,1.0.8,,,0,,,,,,,,,
dacite,v0,1.9.1,,,0,,,,,,,,,
daff,v0,1.3.46,,,0,,,,,,,,,
dagster,v1,1.12.2,,,0,,,,,,,,,
dagster-async-executor,v0,0.0.1,3.10,,0,,,,,,,,,
dagster-contrib-gcp,v0,0.0.8,3.10,,0,,,,,,,,,
dagster-dataform,v0,0.0.5,3.10,,0,,,,,,,,,
dagster-dlt,v1,0.27.16,,,0,,,,,,,,,
dagster-ducklake,v0,0.0.2,3.10,,0,,,,,,,,,
dagster-gemini,v0,0.0.4,3.10,,0,,,,,,,,,
dagster-iceberg,v0,0.3.8,3.10,,0,,,,,,,,,
dagster-sftp,v0,0.0.2,3.10,,0,,,,,,,,,
dagster-sharepoint,v0,0.0.2,3.10,,0,,,,,,,,,
dagster-teradata,v0,0.0.7,3.10,,0,,,,,,,,,
dagster-vertexai,v0,0.0.1,3.10,,0,,,,,,,,,
dagster-webserver,v0,1.8.6,,,0,,,,,,,,,
dash,v0,3.0.4,,,0,,,,,,,,,
dash-ag-grid,v0,31.3.1,,,0,,,,,,,,,
dash-auth,v0,2.3.0,,,0,,,,,,,,,
dash-auth-plus,both,0.0.1a1,3.10,,0,,,,,,,,,
dash-bootstrap-components,v1,2.0.3,3.9,True,0,,,,,,,,,
dash-bootstrap-templates,v0,2.1.0,,,0,,,,,,,,,
dash_handsontable,v0,0.1.2,,,0,,,,,,,,,
data-wizard,v0,2.0.0,,,0,,,,,,,,,
databricks-sdk,v0,0.27.1,,,0,,,,,,,,,
dataclasses-json,v0,0.6.4,,,0,,,,,,,,,
dataprofiler,v0,0.10.7,,,0,,,,,,,,,
datasets,v0,3.0.1,,,0,,,,,,,,,
datasette-cluster-map,v0,0.18.2,,,0,,,,,,,,,
datasette-configure-fts,v0,1.1.2,,,0,,,,,,,,,
datasette-copyable,v0,0.3.2,,,0,,,,,,,,,
datasette-dashboards,v0,0.8.0,3.10,,0,,,,,,,,,
datasette-edit-schema,v0,0.7.1,,,0,,,,,,,,,
datasette-enrichments,v0,0.4,,,0,,,,,,,,,
datasette-graphql,v0,2.2,,,0,,,,,,,,,
datasette-gunicorn,v0,0.1.1,,,0,,,,,,,,,
datasette-insert,v0,0.8,,,0,,,,,,,,,
datasette-leaflet,v0,0.2.2,,,0,,,,,,,,,
datasette-nteract-data-explorer,v0,0.5.1,,,0,,,,,,,,,
datasette-parquet,v0,0.6.1,,,0,,,,,,,,,
datasette-plot,v0,0.1.0,,,0,,,,,,,,,
datasette-render-markdown,v0,2.2.1,,,0,,,,,,,,,
datasette-scraper,v0,0.5.3,,,0,,,,,,,,,
datasette-search-all,v0,1.1.2,,,0,,,,,,,,,
datasette-secrets,v0,0.2,,,0,,,,,,,,,
datasette-statistics,v0,0.2.1,,,0,,,,,,,,,
datasette-template-sql,both,1.0.3,3.10,,0,,,,,,,,,
datasketch,both,1.8.0,3.10,,0,,,,,,,,,
datasketches,v0,5.0.2,,,0,,,,,,,,,
datasketches-python,v0,5.2.0,,,0,,,,,,,,,
datastar-py,v0,0.4.3,3.11,,0,,,,,,,,,
datatable,v0,1.1.0,,,0,,,,,,,,,
datatables,v0,0.4.9,,,0,,,,,,,,,
db-build,v0,0.1,,,0,,,,,,,,,
db-to-sqlite,v0,1.5,,,0,,,,,,,,,
dbt,v0,1.8.9,,,0,,,,,,,,,
dbt-adapters,both,1.16.0,,,0,,,,,,,,,
dbt-bigquery,v0,1.8.0,,,0,,,,,,,,,
dbt-common,v0,1.13.0,,,0,,,,,,,,,
dbt-core,v0,1.8.9,,,0,,,,,,,,,
dbt-dremio,v0,1.7.0,,,0,,,,,,,,,
dbt-duckdb,v0,1.9.0,,,0,,,,,,,,,
dbt-duckdb-kedro-datasets,v0,0.1.2,,,0,,,,,,,,,
dbt-ibis,v0,0.9.0,,,0,,,,,,,,,
dbt-postgres,v0,1.8.0,,,0,,,,,,,,,
dbt-protos,v1,1.0.317,3.9,True,0,,,,,,,,,
dbt-redshift,v0,1.10.1,3.10,,0,,,,,,,,,
dbt-semantic-interfaces,v0,0.8.1,,,0,,,,,,,,,
dbt-spark,v0,1.8.0,,,0,,,,,,,,,
dbt-teradata,v0,1.3.3.0,,,0,,,,,,,,,
dbus-python,v0,1.4.0,,,0,,,,,,,,,
ddgs,v1,9.0.0,,,0,,,,,,,,,
deck.gl,v0,9.0.35,,,0,,,,,,,,,
deepmerge,v0,1.1.0,,,0,,,,,,,,,
deepsearcher,v0,0.0.2,3.10,,0,,,,,,,,,
defusedxml,v0,0.7.1,,,0,,,,,,,,,
deltalake,v0,0.10.0,,,0,,,,,,,,,
detect-test-pollution,v0,1.1.1,,,0,,,,,,,,,
dg-sqlmesh,v1,1.10.1,3.11,,0,,,,,,,,,
diazo,v0,2.0.0,,,0,,,,,,,,,
dice-ml,both,0.12,3.9,True,0,,,,,,,,,
django,v0,4.2.15,,,0,,,,,,,,,
django-admin-interface,v0,0.28.1,,,0,,,,,,,,,
django-admin-rangefilter,v0,0.13.2,,,0,,,,,,,,,
django-ai-assistant,v1,0.4.0,3.10,,0,,,,,,,,,
django-ai-boost,v1,0.8.0,3.12,,0,,,,,,,,,
django-ai-core,v1,0.1.4,3.11,,0,,,,,,,,,
django-allauth,v0,65.1.0,,,0,,,,,,,,,
django-anymail,v0,12.0,,,0,,,,,,,,,
django-api-generator,v0,1.0.17,,,0,,,,,,,,,
django-appconf,v0,1.0.6,,,0,,,,,,,,,
django-approval,v0,0.11.4,,,0,,,,,,,,,
django-atlassian,v0,0.1.4,,,0,,,,,,,,,
django-auditlog,v0,2.3.0,,,0,,,,,,,,,
django-autocomplete-light,v0,3.9.7,,,0,,,,,,,,,
django-auxiliaries,v0,4.1.0,,,0,,,,,,,,,
django-avatar,v0,8.0.0,,,0,,,,,,,,,
django-background-tasks,v0,1.2.5,,,0,,,,,,,,,
django-bakery,v0,0.13.4,,,0,,,,,,,,,
django-bolt,v1,0.2.4,3.10,,0,,,,,,,,,
django-bootstrap-form,v0,3.4,,,0,,,,,,,,,
django-bootstrap5,both,25.2,3.10,,0,,,,,,,,,
django-braces,v0,1.16.0,,,0,,,,,,,,,
django-brackets,v0,2024,,,0,,,,,,,,,
django-breeze,v0,1.1.0,,,0,,,,,,,,,
django-browser-reload,v1,1.21.0,3.10,,0,,,,,,,,,
django-cachalot,both,2.8.0,3.10,,0,,,,,,,,,
django-categories,v0,1.9.2,,,0,,,,,,,,,
django-celery-beat,v0,2.5.0,,,0,,,,,,,,,
django-celery-results,both,2.6.0,3.10,,0,,,,,,,,,
django-classy-tags,v0,4.1.0,,,0,,,,,,,,,
django-click,v0,2.3.0,,,0,,,,,,,,,
django-cms,v0,4.1.4,,,0,,,,,,,,,
django-codemirror2,v0,0.2,,,0,,,,,,,,,
django-codemirror6,v0,1.0.1,,,0,,,,,,,,,
django-cogwheels,v0,0.3,,,0,,,,,,,,,
django-colorful,v0,1.3,,,0,,,,,,,,,
django-comments-xtd,v0,2.10.6,,,0,,,,,,,,,
django-compat,v0,1.0.15,,,0,,,,,,,,,
django-components,both,0.146.0,3.10,,0,,,,,,,,,
django-compression-middleware,v1,0.5.0,3.10,,0,,,,,,,,,
django-compressor,v0,4.5.1,3.10,,0,,,,,,,,,
django-configurations,v0,2.4.1,,,0,,,,,,,,,
django-constance,both,4.3.5,3.10,,0,,,,,,,,,
django-cors-headers,v0,4.4.0,,,0,,,,,,,,,
django-countries,v0,7.8,3.10,,0,,,,,,,,,
django-coverage-plugin,v0,3.1.0,,,0,,,,,,,,,
django-crequest,v0,2018.5.11,,,0,,,,,,,,,
django-cryptography,v0,2.2,,,0,,,,,,,,,
django-cryptography-django5,v0,2.2,,,0,,,,,,,,,
django-csp,both,4.0,3.10,,0,,,,,,,,,
django-csvimport,v0,3.2,,,0,,,,,,,,,
django-cte,v0,1.1.4,,,0,,,,,,,,,
django-data-browser,v0,4.2.5,,,0,,,,,,,,,
django-data-exporter,v0,0.2,,,0,,,,,,,,,
django-datatables-view,v0,1.20.0,,,0,,,,,,,,,
django-db-logger,v0,0.1.13,,,0,,,,,,,,,
django-dbbackup,v0,4.0.2,,,0,,,,,,,,,
django-dcat,v0,0.0.9,,,0,,,,,,,,,
django-dynamic-datatb,v0,1.0.25,,,0,,,,,,,,,
django-el-pagination,v0,4.0.0,,,0,,,,,,,,,
django-entangled,v0,0.6.2,,,0,,,,,,,,,
Django-Enterprise-Maintenance-Suite,v1,1.0.1,3.10,,0,,,,,,,,,
django-environ,v0,0.11.0,,,0,,,,,,,,,
django-erp-framework,v0,1.5.2,,,0,,,,,,,,,
django-etc,v0,1.4.0,,,0,,,,,,,,,
django-events-timetable,v0,1.0.2,,,0,,,,,,,,,
django-eventstream,v0,5.0.1,,,0,,,,,,,,,
django-eventtools,v0,1.0.3,,,0,,,,,,,,,
django-excel-to-model,v0,0.1.16,,,0,,,,,,,,,
django-excel-tools,v0,1.1.0,,,0,,,,,,,,,
django-experiments,v0,1.2.0,,,0,,,,,,,,,
django-extra-views,v0,0.14.0,,,0,,,,,,,,,
django-file,v0,1.0.6,,,0,,,,,,,,,
django-file-download,v0,1.0.3,,,0,,,,,,,,,
django-file-md5,v0,1.0.3,,,0,,,,,,,,,
django-file-upload,v0,1.1.6,,,0,,,,,,,,,
django-filer,v0,3.1.1,,,0,,,,,,,,,
django-flags,both,5.1.0,,,0,,,,,,,,,
django-fobi,v0,0.19.9,,,0,,,,,,,,,
django-followit,v0,0.6.0,,,0,,,,,,,,,
django-formtools,v0,2.5.1,,,0,,,,,,,,,
django-foundation-formtags,v0,0.1.0,3.10,,0,,,,,,,,,
django-funky-sheets,v0,0.2.0,,,0,,,,,,,,,
django-grappelli,v0,3.0.9,,,0,,,,,,,,,
django-grip,v0,3.5.0,,,0,,,,,,,,,
django-groups-manager,v0,1.3.0,,,0,,,,,,,,,
django-grpc,v0,1.0.21,,,0,,,,,,,,,
django-grpc-framework,v0,0.3.0,,,0,,,,,,,,,
django-guardian,both,3.2.0,3.10,,0,,,,,,,,,
django-handyhelpers,v0,0.3.37,,,0,,,,,,,,,
django-harlequin,v0,1.1.1,,,0,,,,,,,,,
django-hatchway,v0,0.5.2,,,0,,,,,,,,,
django-haystack,v0,3.3.0,,,0,,,,,,,,,
django-health-check,both,3.22.0,3.10,,0,,,,,,,,,
django-hitcount,v0,1.3.5,,,0,,,,,,,,,
django-hosts,v0,5.2,,,0,,,,,,,,,
django-http-compression,v1,1.1.0,3.10,,0,,,,,,,,,
django-ipware,v0,6.0.5,,,0,,,,,,,,,
django-jazzmin,v0,2.6.0,,,0,,,,,,,,,
django-jinja,v0,2.11.0,,,0,,,,,,,,,
django-json-ld,v0,0.0.5,,,0,,,,,,,,,
django-json-response,v0,1.1.5,,,0,,,,,,,,,
django-keyedcache3,v0,1.5.4,,,0,,,,,,,,,
django-lasuite,v1,0.0.26,3.10,,0,,,,,,,,,
django-libsass,v0,0.9,3.10,,0,,,,,,,,,
django-linear-migrations,v0,2.11.0,,,0,,,,,,,,,
django-livesettings3,v0,1.6.3,,,0,,,,,,,,,
django-log-request-id,v0,2.1.0,,,0,,,,,,,,,
django-log-viewer,v0,1.1.7,,,0,,,,,,,,,
django-loginas,v0,0.3.11,,,0,,,,,,,,,
django-logit,v0,1.1.4,,,0,,,,,,,,,
django-markdownify,v1,0.9.5,3.10,,0,,,,,,,,,
django-material,both,1.12.0,3.10,,0,,,,,,,,,
django-mcp,v1,0.3.1,3.10,,0,,,,,,,,,
django-mcp-server,v1,0.5.4,3.10,,0,,,,,,,,,
django-model-utils,v0,4.4.0,,,0,,,,,,,,,
django-modelcluster,v1,6.4.1,3.10,,0,,,,,,,,,
django-modeldict-yplan,v0,2.0.3,,,0,,,,,,,,,
django-moderation,v0,0.8.0,,,0,,,,,,,,,
django-mongodb-backend,both,5.2.2,3.10,,0,,,,,,,,,
django-mptt,v0,0.15.0,,,0,,,,,,,,,
django-mptt-admin,v0,2.5.1,,,0,,,,,,,,,
django-mptt-tree-editor,v0,0.1.2,,,0,,,,,,,,,
django-mptt2,v0,0.2.0,,,0,,,,,,,,,
django-multidb,v0,0.1.1,,,0,,,,,,,,,
django-multiselectfield,both,1.0.1,3.10,,0,,,,,,,,,
django-nextjs,v1,3.3.0,3.9,True,0,,,,,,,,,
django-nine,v0,0.2.7,,,0,,,,,,,,,
django-ninja,v0,0.21.0,,,0,,,,,,,,,
django-nonefield,v0,0.4,,,0,,,,,,,,,
django-nyt,v0,1.3,,,0,,,,,,,,,
django-o11y,v1,0.7.0,3.12,,0,,,,,,,,,
django-oidc-provider,v1,0.9.0,3.10,,0,,,,,,,,,
django-online-issues,v1,0.2,3.10,,0,,,,,,,,,
django-orghierarchy,v0,0.3.0,,,0,,,,,,,,,
django-otlp-log-exporter,v0,1.0.3,,,0,,,,,,,,,
django-pattern-library,v0,1.1.0,,,0,,,,,,,,,
django-permissionedforms,both,0.1,3.9,True,0,,,,,,,,,
django-picklefield,v0,3.1,,,0,,,,,,,,,
django-plotly-dash,both,2.5.0,3.9,True,0,,,,,,,,,
django-plotly-wagtail,v0,0.2.0,,,0,,,,,,,,,
django-prometheus,v1,2.4.1,3.10,,0,,,,,,,,,
django-pydantic-models,v1,0.0.2,3.11,,0,,,,,,,,,
django-pygwalker,both,0.0.9,,,0,,,,,,,,,
django-rath,both,0.1.0,3.10,,0,,,,,,,,,
django-rating,v0,0.1.5,,,0,,,,,,,,,
django-read-only,v1,1.21.0,3.10,,0,,,,,,,,,
django-redis,v0,5.4.0,,,0,,,,,,,,,
django-registration,v0,5.1.0,,,0,,,,,,,,,
django-response,v0,1.1.1,,,0,,,,,,,,,
django-rest-framework,v0,0.1.0,,,0,,,,,,,,,
django-rest-framework-helpers,v0,8.5.0,,,0,,,,,,,,,
django-reversion,v0,5.0.5,,,0,,,,,,,,,
django-revproxy,v0,0.13.0,,,0,,,,,,,,,
django-river,v0,3.3.0,,,0,,,,,,,,,
django-robots,v0,6.1,,,0,,,,,,,,,
django-schema-viewer,v0,0.4.1,,,0,,,,,,,,,
django-secret-sharing,v0,0.7.0,,,0,,,,,,,,,
django-sekizai,v0,4.1.0,,,0,,,,,,,,,
django-sesame,v0,3.2.2,,,0,,,,,,,,,
django-simple-history,v0,3.7.0,,,0,,,,,,,,,
django-simple-menu,v0,2.1.2.post1,,,0,,,,,,,,,
django-six,v0,1.0.5,,,0,,,,,,,,,
django-slick-reporting,v0,1.3.0,,,0,,,,,,,,,
django-social-share,v0,2.3.0,,,0,,,,,,,,,
django-socio-grpc,v0,0.20.3,,,0,,,,,,,,,
django-soft-delete,v1,1.0.22,3.10,,0,,,,,,,,,
django-solo,v0,2.2.0,,,0,,,,,,,,,
django-sphinx-hosting,v0,1.4.1,,,0,,,,,,,,,
django-sql-dashboard,v0,1.2,,,0,,,,,,,,,
django-sql-explorer,v0,5.0.2,,,0,,,,,,,,,
django-star-ratings,v0,0.9.2,,,0,,,,,,,,,
django-statusboard,v0,0.13.0,,,0,,,,,,,,,
django-streamfield,v0,2.1.2,,,0,,,,,,,,,
django-structlog,v0,8.0.0,,,0,,,,,,,,,
django-stubs,v0,4.2.5,,,0,,,,,,,,,
django-stubs-ext,v0,4.2.5,,,0,,,,,,,,,
django-survey-and-report,v0,1.4.10,,,0,,,,,,,,,
django-tabular-permissions,v0,2.9.2,,,0,,,,,,,,,
django-tasks,both,0.11.0,3.10,,0,,,,,,,,,
django-tastypie,v0,0.15.0,,,0,,,,,,,,,
django-template-partials,v0,23.2,,,0,,,,,,,,,
django-tenant-schemas,v0,1.12.0,,,0,,,,,,,,,
django-tenant-users,v0,1.2.0,,,0,,,,,,,,,
django-tenants,v0,3.7.0,,,0,,,,,,,,,
django-test-plus,v0,2.4.1,3.10,,0,,,,,,,,,
django-tex,v0,1.1.10,,,0,,,,,,,,,
django-theme-academy,v0,0.3.9,,,0,,,,,,,,,
django-timezone-field,v0,6.0,,,0,,,,,,,,,
django-tinymce,v0,3.7.1,,,0,,,,,,,,,
django-todo,v0,2.5.0,,,0,,,,,,,,,
django-tree-queries,v0,0.15.0,,,0,,,,,,,,,
django-treenode,v1,0.23.2,3.10,,0,,,,,,,,,
django-utils-six,v0,2.0,,,0,,,,,,,,,
django-viewflow,v0,2.0.0,,,0,,,,,,,,,
django-visits,v0,0.1.6,,,0,,,,,,,,,
django-vite,v0,3.0.6,,,0,,,,,,,,,
django-vite-plugin,v0,3.0.0,,,0,,,,,,,,,
django-watchfiles,v1,1.4.0,3.10,,0,,,,,,,,,
django-weasyprint,v0,2.5.0,,,0,,,,,,,,,
django-webpack-loader,v0,3.0.0,,,0,,,,,,,,,
django-wildewidgets,v0,0.16.13,,,0,,,,,,,,,
django-yugabytedb,v0,4.0.0.post1,,,0,,,,,,,,,
django_coverage_plugin,v0,3.1.0,,,0,,,,,,,,,
django_otlp_log_exporter,v0,1.0.3,,,0,,,,,,,,,
djangocms-attributes-field,v0,4.0.0,,,0,,,,,,,,,
djangocms-bootstrap5,v0,0.1.0,,,0,,,,,,,,,
djangocms-frontend,v0,2.0.0,,,0,,,,,,,,,
djangocms-history,v0,2.2.3,,,0,,,,,,,,,
djangocms-icon,v0,2.1.0,,,0,,,,,,,,,
djangocms-link,v0,5.0.0,,,0,,,,,,,,,
djangocms-picture,v0,4.1.1,,,0,,,,,,,,,
djangocms-style,v0,3.1.0,,,0,,,,,,,,,
djangocms-text-ckeditor,v0,5.1.5,,,0,,,,,,,,,
djangorestframework,both,3.16.0,,,0,,,,,,,,,
djangorestframework-dataclasses,v0,1.3.0,,,0,,,,,,,,,
djangorestframework-guardian,v1,0.4.0,3.10,,0,,,,,,,,,
djangorestframework-jsonapi,v0,6.1.0,,,0,,,,,,,,,
djangorestframework-stubs,v0,3.14.4,,,0,,,,,,,,,
djantic,v0,0.7.0,,,0,,,,,,,,,
djc-core,v1,1.2.2,,,0,,,,,,,,,
djc-core-html-parser,both,1.0.2,3.9,True,0,,,,,,,,,
djlint,v0,1.35.3,,,0,,,,,,,,,
djongo,v0,1.3.6,,,0,,,,,,,,,
djongo5,v0,1.3.9,,,0,,,,,,,,,
dlt,both,1.22.2,3.10,,0,,,,,,,,,
dlt-pendulum,v0,3.0.2,,,0,,,,,,,,,
dm-meltingpot,v0,2.2.0,,,0,,,,,,,,,
Docs2Static,v1,0.6,3.14,,0,,,,,,,,,
docstring_parser_fork,v0,0.0.5,,,0,,,,,,,,,
docx2python,v0,2.8.0,,,0,,,,,,,,,
docx2txt,v0,0.8,,,0,,,,,,,,,
dpd-components,v0,0.1.0,,,0,,,,,,,,,
dpd_components,both,0.2.0,3.9,True,0,,,,,,,,,
draftjs-exporter,v0,5.0.0,,,0,,,,,,,,,
draftjs_exporter,both,5.2.0,3.10,,0,,,,,,,,,
dremio-arrow,v0,1.0.3,,,0,,,,,,,,,
dremio-cli,v1,2.0.0,3.11,,0,,,,,,,,,
dremio-flight-python,v0,1.0.0,,,0,,,,,,,,,
dremio-local-mcp,v1,0.5.0,3.10,,0,,,,,,,,,
dremio-simple-query,v1,2.0.0,3.10,,0,,,,,,,,,
dremioframe,v1,0.25.1,3.10,,0,,,,,,,,,
drf-pydantic,v0,2.7.0,,,0,,,,,,,,,
drf-spectacular,v0,0.28.0,,,0,,,,,,,,,
drf-spectacular-sidecar,v0,2024.11.1,,,0,,,,,,,,,
drf-standardized-errors,v0,0.12.5,,,0,,,,,,,,,
drf-to-mkdoc,v1,0.1.9,3.9,True,0,,,,,,,,,
drf-writable-nested,both,0.7.2,3.10,,0,,,,,,,,,
dsnparse,v1,0.1.15,3.9,True,0,,,,,,,,,
duckdb-server,v0,0.12.0,,,0,,,,,,,,,
duckdb-wasm,v0,1.29.0,,,0,,,,,,,,,
dw-hamilton-sdk,v0,0.3.2,,,0,,,,,,,,,
dynaconf,v0,3.2.0,,,0,,,,,,,,,
easier,v0,1.3.13,,,0,,,,,,,,,
easy-thumbnails,v0,2.8.5,,,0,,,,,,,,,
easydict,v0,1.13,,,0,,,,,,,,,
ebcdic-parser,v0,3.0.0,,,0,,,,,,,,,
ebooklib,v0,0.18,,,0,,,,,,,,,
erroranalysis,v0,0.5.3,,,0,,,,,,,,,
etcd-distro,v0,3.5.1,,,0,,,,,,,,,
evidently,v0,0.4.15,,,0,,,,,,,,,
example,v0,3.8.2,,,0,,,,,,,,,
excel-mcp-server,v1,0.1.6,3.10,,0,,,,,,,,,
factory-boy,v0,3.3.0,,,0,,,,,,,,,
fastadmin,v1,0.2.22,,,0,,,,,,,,,
fastapi,v0,0.110.1,,,0,,,,,,,,,
fastapi-cli,v0,0.0.5,,,0,,,,,,,,,
fastapi-forge,v1,0.13.0,,,0,,,,,,,,,
fastapi-slim,v1,0.121.1,3.10,,0,,,,,,,,,
fastavro,v0,1.8.2,,,0,,,,,,,,,
faster-whisper,both,1.1.1,,,0,,,,,,,,,
fastmcp,both,3.0.2,3.10,,0,,,,,,,,,
fastt5,v0,0.1.4,,,0,,,,,,,,,
feast,both,0.59.0,3.10,,0,,,,,,,,,
feathr,v0,1.0.0,,,0,,,,,,,,,
fido2,both,2.0.0,3.10,,0,,,,,,,,,
find-kedro,v0,0.1.1,,,0,,,,,,,,,
firecrawl-py,v1,4.3.6,3.10,,0,,,,,,,,,
fixedint,both,0.1.6,3.9,True,0,,,,,,,,,
fixedwidth,v0,1.3,,,0,,,,,,,,,
flake518,v0,1.6.0,,,0,,,,,,,,,
flake8-2020,v0,1.8.1,,,0,,,,,,,,,
flake8-bandit,v0,4.1.1,,,0,,,,,,,,,
flake8-debugger,v0,4.1.2,,,0,,,,,,,,,
flake8-django,v0,1.4,,,0,,,,,,,,,
flake8-executable,v0,2.1.3,,,0,,,,,,,,,
flake8-logging,v0,1.2.0,,,0,,,,,,,,,
flake8-no-pep420,v0,2.7.0,,,0,,,,,,,,,
flake8-pylint,v0,0.2.0,,,0,,,,,,,,,
Flake8-pyproject,v0,1.2.3,,,0,,,,,,,,,
flake8-simplify,v0,0.20.0,,,0,,,,,,,,,
flake8-tidy-imports,v0,4.10.0,,,0,,,,,,,,,
flash-attention,v0,2.5.8,,,0,,,,,,,,,
flask-appbuilder,v0,5.0.2,,,0,,,,,,,,,
flask-caching,v0,2.3.0,,,0,,,,,,,,,
flask-limiter,v0,4.0.0,3.10,,0,,,,,,,,,
flask-opentracing,v0,1.1.0,,,0,,,,,,,,,
flatterer,v0,0.19.3,,,0,,,,,,,,,
floweaver,v0,2.0.1,,,0,,,,,,,,,
frictionless-ckan-mapper,v0,1.0.9,,,0,,,,,,,,,
fs.googledrivefs,both,2.5.0,3.10,,0,,,,,,,,,
gekko,v0,1.0.6,,,0,,,,,,,,,
gender-guesser,v0,0.4.0,,,0,,,,,,,,,
get_pypi_latest_version,v1,0.1.0,3.10,,0,,,,,,,,,
getdaft,v1,0.6.7,3.10,,0,,,,,,,,,
GetPyPiLatestVersion,both,0.1.0,3.10,,0,,,,,,,,,
gibr,v1,0.10.0,3.11,,0,,,,,,,,,
git-credential-manager,v1,2.6.1,,,0,,,,,,,,,
git-history,v0,0.6.1,,,0,,,,,,,,,
git-hound,v1,3.0.0,,,0,,,,,,,,,
gita,v0,0.16.6.6,,,0,,,,,,,,,
gitflow-analytics,v1,3.12.6,3.10,,0,,,,,,,,,
gitflow-studio,both,1.0.4,,,0,,,,,,,,,
google-api-core,v0,2.11.1,,,0,,,,,,,,,
google-auth,v0,2.23.0,,,0,,,,,,,,,
google-auth-oauthlib,v0,1.0.0,,,0,,,,,,,,,
google-cloud-bigquery-connection,v0,1.16.0,,,0,,,,,,,,,
google-cloud-bigquery-storage,v0,2.33.1,,,0,,,,,,,,,
google-cloud-functions,v0,1.18.0,,,0,,,,,,,,,
google-cloud-iam,v0,2.16.0,,,0,,,,,,,,,
google-cloud-ndb,v0,2.4.2,3.10,,0,,,,,,,,,
google-cloud-scheduler,v0,2.17.0,,,0,,,,,,,,,
google-pso-data-validator,v0,3.2.0,,,0,,,,,,,,,
google-re2,v0,1.1.20240702,,,0,,,,,,,,,
googleapis-common-protos,v0,1.61.0,,,0,,,,,,,,,
gorilla,v1,0.4.0,,,0,,,,,,,,,
gotenberg-client,v1,0.12.0,3.10,,0,,,,,,,,,
gprof2dot,v0,2024.6.6,,,0,,,,,,,,,
gpt4all,v0,2.7.0,,,0,,,,,,,,,
gptq,v0,0.0.3,,,0,,,,,,,,,
gradle,v0,8.3.0,,,0,,,,,,,,,
grafana-client,v0,4.1.2,,,0,,,,,,,,,
grafeo,v1,0.5.22,3.12,,0,,,,,,,,,
graphene-django,v0,3.1.4,,,0,,,,,,,,,
graphify,v1,0.4.9,3.10,,0,,,,,,,,,
great-expectations,v0,0.18.7,,,0,,,,,,,,,
grimp,both,3.8.1,,,0,,,,,,,,,
gripcontrol,v0,4.2.0,,,0,,,,,,,,,
grpc-cpp,v0,1.74.1,,,0,,,,,,,,,
grpc-google-iam-v1,both,0.14.3,3.10,,0,,,,,,,,,
grpcio,v0,1.56.0,,,0,,,,,,,,,
grpcio-gcp,v0,0.2.2,,,0,,,,,,,,,
grpcio-opentracing,v0,1.1.4,,,0,,,,,,,,,
grpcio-status,v0,1.44.0,,,0,,,,,,,,,
grunnur,v0,0.5.0,,,0,,,,,,,,,
guidance,v1,0.2.5,,,0,,,,,,,,,
guidance-stitch,v1,0.1.5,3.10,,0,,,,,,,,,
gw-dsl-parser,both,0.1.49.1,3.10,,0,,,,,,,,,
h2o-featurestore,v0,1.1.2,,,0,,,,,,,,,
h2o-lightwave,v0,1.0.0,,,0,,,,,,,,,
h2o-lightwave-web,v0,1.0.0,,,0,,,,,,,,,
h2o-nitro,v0,0.20.0,,,0,,,,,,,,,
h2o-wave,v0,1.0.0,,,0,,,,,,,,,
h2ogpt,v0,0.2.0,,,0,,,,,,,,,
hatch-build-scripts,v0,0.0.4,,,0,,,,,,,,,
haystack-ai,v1,2.17.1,,,0,,,,,,,,,
hdf5tools,v0,0.4.2,,,0,,,,,,,,,
hdfsbrowser,v0,1.1.1,,,0,,,,,,,,,
helm-docs,v0,1.14.2,,,0,,,,,,,,,
heroicons,v0,2.6.0,,,0,,,,,,,,,
hiredis,v0,3.0.0,,,0,,,,,,,,,
hll,v0,2.1.7,,,0,,,,,,,,,
html-json-forms,v0,1.1.1,,,0,,,,,,,,,
html-tag-names,v0,0.1.2,,,0,,,,,,,,,
html-to-markdown,v1,2.23.4,3.10,,0,,,,,,,,,
html-void-elements,v0,0.1.0,,,0,,,,,,,,,
html5lib,v0,1.1,,,0,,,,,,,,,
html5lib-modern,v0,1.2,,,0,,,,,,,,,
htmldocx,v0,0.0.6,,,0,,,,,,,,,
hubspot-api-client,v0,4.0.6,,,0,,,,,,,,,
hurry.filesize,v0,0.9,,,0,,,,,,,,,
hyperscript,v0,0.3.0,,,0,,,,,,,,,
ibis-framework,v0,10.0.0,3.10,,0,,,,,,,,,
ibish,v0,1.0.2,,,0,,,,,,,,,
icalendar,v0,6.0.1,,,0,,,,,,,,,
iceberg-cli,v1,0.1.0,,,0,,,,,,,,,
iceframe,v1,0.10.0,,,0,,,,,,,,,
image,v0,1.5.33,,,0,,,,,,,,,
immutables,v1,0.21,,,0,,,,,,,,,
import-linter,both,2.5.2,3.10,,0,,,,,,,,,
impyla,v0,0.19.0,,,0,,,,,,,,,
inertia-django,v0,0.6.0,,,0,,,,,,,,,
inotifyrecursive,v1,0.3.5,3.10,,0,,,,,,,,,
install-jdk,v0,1.0.2,,,0,,,,,,,,,
intake-dataframe-catalog,v0,0.2.4,,,0,,,,,,,,,
intake-dcat,v0,0.4.0,,,0,,,,,,,,,
intake-hive,v0,0.1.1,,,0,,,,,,,,,
intake-nested-yaml-catalog,v0,0.1.0,,,0,,,,,,,,,
intake-odbc,v0,0.2.0,,,0,,,,,,,,,
interpret-community,v0,0.31.0,,,0,,,,,,,,,
iommi,v1,7.19.2,3.10,,0,,,,,,,,,
itertable,v0,2.2.0,,,0,,,,,,,,,
jake,v0,3.0.11,,,0,,,,,,,,,
java-access-bridge-wrapper,both,2.0.0,3.10,,0,,,,,,,,,
jellyfish,v0,1.0.3,,,0,,,,,,,,,
jh2,v0,5.0.3,,,0,,,,,,,,,
jhub-apps,v1,2025.8.1,3.10,,0,,,,,,,,,
jinja2-ospath,v1,0.3.0,3.10,,0,,,,,,,,,
jinja2-simple-tags,v0,0.5.0,,,0,,,,,,,,,
jira,v0,2.0.0,,,0,,,,,,,,,
jsbeautifier,v0,1.14.8,,,0,,,,,,,,,
json-rpc,both,1.15.0,3.10,,0,,,,,,,,,
json-stream-rs-tokenizer,both,0.4.29,3.9,True,0,,,,,,,,,
json-strong-typing,v1,0.3.9,3.9,True,0,,,,,,,,,
json5,v0,0.9.14,,,0,,,,,,,,,
json_stream,v0,2.3.2,,,0,,,,,,,,,
jupyter-book,v0,0.15.1,,,0,,,,,,,,,
jupyter-collaboration-ui,v1,2.1.1,,,0,,,,,,,,,
jupyter-docprovider,v1,2.1.1,,,0,,,,,,,,,
jupyter-marimo-proxy,v0,0.0.4,,,0,,,,,,,,,
jupyter-resource-usage,v1,1.2.0,,,0,,,,,,,,,
jupyter-server-documents,both,0.1.0a9,3.10,,0,,,,,,,,,
jupyter-server-ydoc,v1,2.1.1,,,0,,,,,,,,,
jupyterlab-execute-time,v1,3.2.0,,,0,,,,,,,,,
jupyterlab-gallery,v1,0.6.3,3.10,,0,,,,,,,,,
jupyterlab-jhub-apps,v1,0.3.1,,,0,,,,,,,,,
jupyterlab-launchpad,v1,1.0.3,3.10,,0,,,,,,,,,
jupyterlab-nebari-mode,v1,0.3.0,,,0,,,,,,,,,
jupyterlab-new-launcher,v1,0.5.1,,,0,,,,,,,,,
jupyterlab-rise,both,0.43.1,3.10,,0,,,,,,,,,
jupyterlab-s3-browser,v0,0.12.0,,,0,,,,,,,,,
jupyterlab-slideshow,v1,0.3.4,3.10,,0,,,,,,,,,
jurigged,v1,0.6.1,3.10,,0,,,,,,,,,
kanaries-track,both,0.0.5,3.9,True,0,,,,,,,,,
kantoku,v0,0.18.1,,,0,,,,,,,,,
kedro,both,1.1.0,3.10,,0,,,,,,,,,
kedro-aim,v0,0.1.3,,,0,,,,,,,,,
kedro-airflow,v0,0.8.0,,,0,,,,,,,,,
kedro-azureml,v0,0.7.0,,,0,,,,,,,,,
kedro-boot,v0,0.2.0,,,0,,,,,,,,,
kedro-dagster,v1,0.6.0,3.11,,0,,,,,,,,,
kedro-databricks,v0,0.0.1,,,0,,,,,,,,,
kedro-datasets,v0,9.0.0,3.10,,0,,,,,,,,,
kedro-docker,both,0.6.2,3.9,True,0,,,,,,,,,
kedro-graphql,v0,0.3.5,,,0,,,,,,,,,
kedro-grpc-server,v0,0.1.0,,,0,,,,,,,,,
kedro-hub,v0,0.9.0,,,0,,,,,,,,,
kedro-init,v1,0.1.0,3.9,True,0,,,,,,,,,
kedro-light,v0,2023.3.13,,,0,,,,,,,,,
kedro-mlflow,v0,0.12.0,,,0,,,,,,,,,
kedro-pack,v0,0.0.1,,,0,,,,,,,,,
kedro-pandera,v0,0.1.0,,,0,,,,,,,,,
kedro-popmon,v0,0.1.0,,,0,,,,,,,,,
kedro-projetaai,v0,0.1.0b1,,,0,,,,,,,,,
kedro-snowflake,v0,0.2.1,,,0,,,,,,,,,
kedro-telemetry,v0,0.6.0,,,0,,,,,,,,,
kedro-templar,v0,0.0.6,,,0,,,,,,,,,
kedro-vertexai,v0,0.10.0,,,0,,,,,,,,,
kedro-viz,both,12.2.0,3.10,,0,,,,,,,,,
kedro_graphql,v0,0.3.5,,,0,,,,,,,,,
kerberos,v0,1.3.1,,,0,,,,,,,,,
kfp,v0,1.8.22,,,0,,,,,,,,,
kfp-notebook,v0,3.15.0,,,0,,,,,,,,,
kfp-pipeline-spec,v0,0.2.2,,,0,,,,,,,,,
kfp-server-api,v0,1.8.5,,,0,,,,,,,,,
kthread,v0,0.2.3,,,0,,,,,,,,,
laces,v0,0.1.0,,,0,,,,,,,,,
lambdaprompt,v0,0.6.1,,,0,,,,,,,,,
lance-namespace,v0,0.6.1,3.10,,0,,,,,,,,,
lance-namespace-urllib3-client,both,0.7.0,3.10,,0,,,,,,,,,
lancedb,v0,0.30.0,3.10,,0,,,,,,,,,
LangChain,both,0.3.27,3.10,,0,,,,,,,,,
langchain-core,both,0.3.76,3.10,,0,,,,,,,,,
langchain-mcp-adapters,v1,0.2.1,3.10,,0,,,,,,,,,
langchain-opendataloader-pdf,v1,2.0.0,3.10,,0,,,,,,,,,
langchain-text-splitters,both,0.3.11,3.10,,0,,,,,,,,,
langfuse,v1,2.60.10,3.10,,0,,,,,,,,,
langsmith,both,0.4.46,3.10,,0,,,,,,,,,
langsmith-mcp-server,v1,0.1.1,3.11,,0,,,,,,,,,
langsmith-pyo3,both,0.1.0rc5,3.10,,0,,,,,,,,,
lark,v0,1.2.1,,,0,,,,,,,,,
lark-parser,v0,0.12.0,,,0,,,,,,,,,
lazy-imports,v0,0.3.1,,,0,,,,,,,,,
limeade,v1,0.1.1,3.9,True,0,,,,,,,,,
linkify-it-py,v0,2.0.2,,,0,,,,,,,,,
livy,v0,0.8.0,,,0,,,,,,,,,
llm,v0,0.24.2,,,0,,,,,,,,,
llm-gpt4all,v0,0.3,,,0,,,,,,,,,
llms-py,v1,2.0.32,3.10,,0,,,,,,,,,
lm-format-enforcer,v0,0.11.2,3.10,,0,,,,,,,,,
loki-logger-handler,v0,1.0.0,,,0,,,,,,,,,
lumen,v0,0.6.3,,,0,,,,,,,,,
lupa,both,2.6,3.10,,0,,,,,,,,,
mailpit,v0,1.28.0,,,0,,,,,,,,,
marimo,v0,0.1.66,,,0,,,,,,,,,
markdown-to-confluence,both,0.4.6,3.10,,0,,,,,,,,,
markdownify-mcp-server,v1,0.1.13,3.13,,0,,,,,,,,,
markitdown,v1,0.1.2,3.10,,0,,,,,,,,,
markitdown-mcp,v1,0.0.1a4,3.10,,0,,,,,,,,,
markitdown-mcp-server,v1,0.1.11,3.12,,0,,,,,,,,,
markitdown-pro,v1,1.0.2,3.12,,0,,,,,,,,,
markov_draftjs,v0,0.2.0,,,0,,,,,,,,,
marquez-python,v0,0.50.0,,,0,,,,,,,,,
marshmallow-sqlalchemy,v0,0.30.0,,,0,,,,,,,,,
marvin,v0,1.5.6,,,0,,,,,,,,,
matplotlib,v0,3.8.0,,,0,,,,,,,,,
mcp,v0,1.25.0,3.10,,0,,,,,,,,,
mcp-atlassian,v1,0.11.7,3.10,,0,,,,,,,,,
mcp-django,v1,0.12.0,3.10,,0,,,,,,,,,
mcp-powerpoint,both,1.0.0,3.12,,0,,,,,,,,,
mcp-ui-server,v0,1.0.0,3.10,,0,,,,,,,,,
memray,v0,1.11.0,,,0,,,,,,,,,
micropip,v0,0.11.1,3.13,,0,,,,,,,,,
minio,v0,7.2.8,,,0,,,,,,,,,
misata,v0,0.1.0b0,3.10,,0,,,,,,,,,
mitoinstaller,v0,0.0.239,,,0,,,,,,,,,
mitosheet,v0,0.1.505,,,0,,,,,,,,,
mitosheet-private,v0,0.3.0,,,0,,,,,,,,,
mitosheet3,v0,0.3.281,,,0,,,,,,,,,
mlflavors,v0,0.1.0,,,0,,,,,,,,,
mlflow,v0,2.8.1,,,0,,,,,,,,,
mlflow-skinny,v0,2.8.1,,,0,,,,,,,,,
mlflow-vizmod,v0,1.1.3,,,0,,,,,,,,,
mlserver,v0,1.3.5,,,0,,,,,,,,,
mlserver-mlflow,v0,1.3.5,,,0,,,,,,,,,
modelsearch,v1,1.1.1,3.10,,0,,,,,,,,,
modin-spreadsheet,v0,0.1.2,,,0,,,,,,,,,
mozilla-django-oidc,v1,5.0.1,3.10,,0,,,,,,,,,
msal,v0,1.34.0,,,0,,,,,,,,,
msrest,v0,0.7.1,,,0,,,,,,,,,
mssql-django,v0,1.7,3.10,,0,,,,,,,,,
mssql-python,v1,0.12.0,3.10,,0,,,,,,,,,
multirun,v0,0.2.2,,,0,,,,,,,,,
myst-parser,v0,2.0.0,,,0,,,,,,,,,
natural-keys,v0,2.1.0,,,0,,,,,,,,,
nbqa,v0,1.9.1,3.10,,0,,,,,,,,,
neapolitan,v0,23.11,,,0,,,,,,,,,
nebari-doctor,v1,2025.3.1rc3,,,0,,,,,,,,,
nebari-jupyterhub-theme,v1,2024.7.1,,,0,,,,,,,,,
nebari-plugin-airflow,v1,0.0.2,,,0,,,,,,,,,
nebari-plugin-cert-manager-chart,v1,0.0.1,3.10,,0,,,,,,,,,
nebari-plugin-label-studio-chart,v1,0.0.7,,,0,,,,,,,,,
nebari-plugin-metrics-server,v1,0.0.1,3.10,,0,,,,,,,,,
nebari-plugin-mlflow-aws,v1,0.0.16,,,0,,,,,,,,,
nebari-plugin-ray,v1,0.0.3,,,0,,,,,,,,,
nebari-plugin-self-registration,v1,0.0.15,3.10,,0,,,,,,,,,
nebari-workflow-controller,v1,2023.7.1,,,0,,,,,,,,,
negspacy,v0,1.0.4,,,0,,,,,,,,,
neuralcoref,both,4.0,3.10,,0,,,,,,,,,
nh3,v0,0.2.15,,,0,,,,,,,,,
niquests,v0,3.10.0,,,0,,,,,,,,,
nl2query,v0,0.1.5,,,0,,,,,,,,,
nlp-feature-extractors,v0,0.1.0,,,0,,,,,,,,,
noiseflow,v0,0.1.0,,,0,,,,,,,,,
ocrmypdf,both,16.11.1,3.10,,0,,,,,,,,,
Office365-REST-Python-Client,v0,2.5.13,,,0,,,,,,,,,
okta-jwt-verifier,both,0.3.0,,,0,,,,,,,,,
omnixai,v0,1.3.1,,,0,,,,,,,,,
open-webui,both,0.6.26,3.11,,0,,,,,,,,,
openai-agents,v0,0.6.3,3.10,,0,,,,,,,,,
openai-apps-sdk-ui,v0,0.2.0,,,0,,,,,,,,,
opencensus,v1,0.11.4,,,0,,,,,,,,,
opencensus-context,v1,0.1.3,,,0,,,,,,,,,
opencensus-ext-logging,both,0.1.1,3.9,True,0,,,,,,,,,
opencensus-python,v0,0.11.4-1.1.13,,,0,,,,,,,,,
opendataeditor,v0,1.0.0,,,0,,,,,,,,,
opendataloader-pdf,v1,2.2.1,3.10,,0,,,,,,,,,
openevolve,v1,0.2.23,3.10,,0,,,,,,,,,
openlineage-airflow,both,1.35.0,3.10,,0,,,,,,,,,
openlineage-dagster,both,1.35.0,3.10,,0,,,,,,,,,
openlineage-dbt,both,1.35.0,3.10,,0,,,,,,,,,
openlineage-integration-common,both,1.35.0,3.10,,0,,,,,,,,,
openlineage-python,both,1.35.0,3.10,,0,,,,,,,,,
openlineage-sql,both,1.42.1,3.10,,0,,,,,,,,,
openlineage-suite,v0,0.28.0,,,0,,,,,,,,,
openllm,v0,0.5.3,,,0,,,,,,,,,
openllm-client,v0,0.4.31,,,0,,,,,,,,,
openllm-core,v0,0.5.2,,,0,,,,,,,,,
openmetadata-airflow-managed-apis,v0,0.11.5.3,,,0,,,,,,,,,
openmetadata-ingestion,both,1.11.5.0,3.10,,0,,,,,,,,,
openmetadata-managed-apis,both,{{,,,0,,,,,,,,,
openmetadata-sqllineage,v0,1.1.2.0,,,0,,,,,,,,,
openspec,both,0.16.0,,,0,,,,,,,,,
opentelemetry-api,v0,1.40.0,3.10,,0,,,,,,,,,
opentelemetry-distro,v0,0.42b0,,,0,,,,,,,,,
opentelemetry-exporter-gcp-monitoring,v0,1.8.0a0,,,0,,,,,,,,,
opentelemetry-exporter-gcp-trace,v0,1.6.0,,,0,,,,,,,,,
opentelemetry-exporter-google-cloud,v0,0.18b1,,,0,,,,,,,,,
opentelemetry-exporter-jaeger-thrift,v0,1.21.0,,,0,,,,,,,,,
opentelemetry-exporter-otlp,v0,1.23.0,,,0,,,,,,,,,
opentelemetry-exporter-otlp-proto-common,v0,1.21.0,,,0,,,,,,,,,
opentelemetry-exporter-otlp-proto-grpc,v0,1.29.0,,,0,,,,,,,,,
opentelemetry-exporter-otlp-proto-http,v0,1.29.0,,,0,,,,,,,,,
opentelemetry-exporter-prometheus,both,0.55b1,,,0,,,,,,,,,
opentelemetry-exporter-prometheus-remote-write,v0,0.44b0,,,0,,,,,,,,,
opentelemetry-instrumentation,v0,0.49b0,,,0,,,,,,,,,
opentelemetry-instrumentation-asgi,v0,0.50b0,,,0,,,,,,,,,
opentelemetry-instrumentation-asyncio,v1,0.56b0,3.9,True,0,,,,,,,,,
opentelemetry-instrumentation-boto3sqs,v1,0.56b0,3.9,True,0,,,,,,,,,
opentelemetry-instrumentation-click,v1,0.56b0,3.9,True,0,,,,,,,,,
opentelemetry-instrumentation-confluent-kafka,v1,0.58b0,3.10,,0,,,,,,,,,
opentelemetry-instrumentation-django,v0,0.57b0,,,0,,,,,,,,,
opentelemetry-instrumentation-falcon,v0,0.57b0,,,0,,,,,,,,,
opentelemetry-instrumentation-flask,both,0.57b0,3.9,True,0,,,,,,,,,
opentelemetry-instrumentation-grpc,v0,0.42b0,,,0,,,,,,,,,
opentelemetry-instrumentation-httpx,v0,0.46b0,,,0,,,,,,,,,
opentelemetry-instrumentation-kafka-python,v1,0.58b0,3.10,,0,,,,,,,,,
opentelemetry-instrumentation-logging,v0,0.42b0,,,0,,,,,,,,,
opentelemetry-instrumentation-psycopg,v0,0.49b2,,,0,,,,,,,,,
opentelemetry-instrumentation-psycopg2,both,0.62b0,3.10,,0,,,,,,,,,
opentelemetry-instrumentation-sqlalchemy,v0,0.42b0,,,0,,,,,,,,,
opentelemetry-instrumentation-system-metrics,v0,0.50b0,,,0,,,,,,,,,
opentelemetry-instrumentation-tortoiseorm,v1,0.56b0,3.9,True,0,,,,,,,,,
opentelemetry-instrumentation-wsgi,v0,0.57b0,,,0,,,,,,,,,
opentelemetry-propagator-b3,both,1.33.1,3.9,True,0,,,,,,,,,
opentelemetry-propagator-gcp,v0,1.6.0,,,0,,,,,,,,,
opentelemetry-proto,v0,1.29.0,,,0,,,,,,,,,
opentelemetry-resource-detector-azure,both,0.1.5,3.9,True,0,,,,,,,,,
opentelemetry-resourcedetector-gcp,v0,1.6.0a0,,,0,,,,,,,,,
opentelemetry-sdk,v0,1.40.0,3.10,,0,,,,,,,,,
opentelemetry-semantic-conventions,v0,0.61b0,3.10,,0,,,,,,,,,
opentelemetry-suite,v0,0.42b0,,,0,,,,,,,,,
opentelemetry-util-http,v0,0.57b0,,,0,,,,,,,,,
optional-django,v0,0.3.0,,,0,,,,,,,,,
ordeq,v1,1.2.1,3.10,,0,,,,,,,,,
ordereddict,v0,1.1,,,0,,,,,,,,,
ossindex-lib,v0,1.1.1,,,0,,,,,,,,,
osv,v0,0.0.22,3.11,,0,,,,,,,,,
ovld,v1,0.5.12,3.10,,0,,,,,,,,,
packageurl-python,v0,0.12.0,,,0,,,,,,,,,
paddle,both,3.0.0,,,0,,,,,,,,,
pandas-gbq,v0,0.24.0,,,0,,,,,,,,,
pandas-profiling,v0,3.6.6,,,0,,,,,,,,,
pandas-schema,v1,0.3.6,3.9,True,0,,,,,,,,,
pandasai,v0,0.2.14,,,0,,,,,,,,,
pandavro,v0,1.7.2,,,0,,,,,,,,,
paperless-ngx,v1,2.19.2,3.10,,0,,,,,,,,,
parallel-ssh,v0,2.12.0,,,0,,,,,,,,,
parquet-metadata,v0,0.0.1,,,0,,,,,,,,,
parse,v0,1.20.2,,,0,,,,,,,,,
parse-type,v0,0.6.4,,,0,,,,,,,,,
parsec,v0,3.15,,,0,,,,,,,,,
pathvalidate,v0,3.2.1,,,0,,,,,,,,,
pdfminer-six,v0,20251230,3.10,,0,,,,,,,,,
pdfplumber,v0,0.11.9,3.10,,0,,,,,,,,,
peewee-migrate,both,1.12.2,,,0,,,,,,,,,
perspective,v0,3.0.0,,,0,,,,,,,,,
perspective-python,v0,3.0.0,,,0,,,,,,,,,
pi-heif,both,1.1.1,3.10,,0,,,,,,,,,
pigar,v0,2.1.6,,,0,,,,,,,,,
Pillow,v0,11.2.1,,,0,,,,,,,,,
pillow-heif,v0,1.1.1,,,0,,,,,,,,,
pillow_heif,v0,0.20.0,,,0,,,,,,,,,
pins,v0,0.8.6,,,0,,,,,,,,,
pinyin,v0,0.4.0,,,0,,,,,,,,,
pip,v0,24.1,,,0,,,,,,,,,
pip-audit,v0,2.7.3,,,0,,,,,,,,,
pipdeptree,v0,2.23.3,,,0,,,,,,,,,
pixi-build-python,v1,0.1.10,3.12,,0,,,,,,,,,
pixi-build-rattler-build,v1,0.1.13,3.12,,0,,,,,,,,,
playwright-python,v0,1.43.0,,,0,,,,,,,,,
podman,v0,5.4.2,,,0,,,,,,,,,
podman-desktop,v1,1.24.2,,,0,,,,,,,,,
podman-py,v0,5.4.0.1,,,0,,,,,,,,,
poetry-conda,v0,0.1.1,,,0,,,,,,,,,
poetry-plugin-export,v0,1.3.0,,,0,,,,,,,,,
powerbiclient,v0,,,,0,,,,,,,,,
ppt-master,v1,2.3.0,,,0,,,,,,,,,
presenton,v1,0.7.3,,,0,,,,,,,,,
primp,v1,0.15.0,,,0,,,,,,,,,
privateGPT,v0,0.1.0,,,0,,,,,,,,,
prometheus-client,v1,0.24.1,3.10,,0,,,,,,,,,
prometheus-fastapi-instrumentator,v0,7.0.0,,,0,,,,,,,,,
propcache,v0,0.3.1,,,0,,,,,,,,,
propelauth_py,v0,4.2.4,,,0,,,,,,,,,
prophecy-build-tool,both,1.3.0,3.9,True,0,,,,,,,,,
proto-parser,v0,1.6.3,,,0,,,,,,,,,
proxy-tools,v0,0.1.0,,,0,,,,,,,,,
pss,v0,1.44,,,0,,,,,,,,,
psycopg2-yugabytedb,v0,2.9.3.post0,,,0,,,,,,,,,
pubcontrol,v0,3.5.0,,,0,,,,,,,,,
puccinialin,v1,0.1.5,3.10,,0,,,,,,,,,
Puput,v0,2.0.0,,,0,,,,,,,,,
py-grpc-prometheus,v0,0.8.0,,,0,,,,,,,,,
py-key-value,v1,0.4.4,3.10,,0,,,,,,,,,
py-key-value-aio,v1,0.2.8,3.10,,0,,,,,,,,,
py-key-value-shared,v1,0.2.8,3.10,,0,,,,,,,,,
pyapacheatlas,v0,0.16.0,,,0,,,,,,,,,
pyarrow,v1,{{,,,0,,,,,,,,,
pyarrow-hotfix,v0,0.4,,,0,,,,,,,,,
pyaudio,v0,0.2.14,,,0,,,,,,,,,
pyCalverter,v0,1.6.1,,,0,,,,,,,,,
pycaret,v0,3.2.0,,,0,,,,,,,,,
pycirclize,v0,1.6.0,,,0,,,,,,,,,
pyct,v0,0.5.0,,,0,,,,,,,,,
pydantic-kedro,v0,0.5.1,,,0,,,,,,,,,
Pydantic-SQLAlchemy,v0,0.0.9,,,0,,,,,,,,,
pydantic-yaml,v0,1.1.1,,,0,,,,,,,,,
pydata-google-auth,v0,1.8.2,,,0,,,,,,,,,
pydeck,v0,0.9.1,,,0,,,,,,,,,
pydocket,v0,0.16.3,3.10,,0,,,,,,,,,
pyecharts,v0,2.0.4,,,0,,,,,,,,,
pyexiftool,v1,0.5.6,3.10,,0,,,,,,,,,
pygetimportables,v1,0.3.0,3.9,True,0,,,,,,,,,
pygithub,v0,2.1.1,,,0,,,,,,,,,
pygount,v0,3.1.0,3.10,,0,,,,,,,,,
pygwalker,both,0.4.9.15,3.10,,0,,,,,,,,,
pyiceberg,both,0.9.1,,,0,,,,,,,,,
pyiceberg-core,v0,0.4.0,,,0,,,,,,,,,
pyicu,v0,2.13.1,,,0,,,,,,,,,
pyignite,v0,0.6.1,,,0,,,,,,,,,
pyinstaller-versionfile,v0,3.1.0,,,0,,,,,,,,,
pyjwkest,v1,1.4.2,3.10,,0,,,,,,,,,
pylance,v0,0.8.18,,,0,,,,,,,,,
pylint-django,v0,2.7.0,3.10,,0,,,,,,,,,
pylint-plugin-utils,v0,0.8.2,,,0,,,,,,,,,
pymongoarrow,both,1.11.0,3.10,,0,,,,,,,,,
pymupdf,v0,1.26.7,,,0,,,,,,,,,
pynessie,v0,0.67.0,,,0,,,,,,,,,
pyngo,v0,2.5.0,3.12,,0,,,,,,,,,
pynput-robocorp-fork,v0,5.0.0,,,0,,,,,,,,,
pyobjc-framework-applicationservices,v0,9.2,,,0,,,,,,,,,
pyobjc-framework-CoreText,v0,9.2,,,0,,,,,,,,,
pyobjc-framework-quartz,v0,10.2,,,0,,,,,,,,,
pyobjc-framework-systemconfiguration,v0,9.2,,,0,,,,,,,,,
pyodide,v0,0.29.3,,,0,,,,,,,,,
pyodide-py,both,0.29.3,,,0,,,,,,,,,
pypac,v0,0.16.4,,,0,,,,,,,,,
pysqlite3,v0,0.5.3,,,0,,,,,,,,,
pytest-deadfixtures,v0,2.2.1,,,0,,,,,,,,,
pytest-excel,v0,1.6.0,,,0,,,,,,,,,
pytest-instafail,v0,0.5.0,,,0,,,,,,,,,
pytest-playwright,v0,0.5.2,,,0,,,,,,,,,
pytest-postgresql,v0,5.0.0,,,0,,,,,,,,,
pytest-pythonpath,v0,0.7.3,,,0,,,,,,,,,
pytest-robotframework,both,4.4.0.post2,3.9,True,0,,,,,,,,,
pytest-sugar,v0,0.9.7,,,0,,,,,,,,,
python-a2a,v1,0.5.10,3.10,,0,,,,,,,,,
python-core,v1,0.7.0,3.10,,0,,,,,,,,,
python-duckdb,both,1.4.4,,,0,,,,,,,,,
python-gnupg,both,0.5.5,3.10,,0,,,,,,,,,
python-ipware,v0,2.0.3,,,0,,,,,,,,,
python-openid2,v0,3.2,,,0,,,,,,,,,
python-patch,both,1.16,3.9,True,0,,,,,,,,,
python-quickjs,v0,1.19.4,,,0,,,,,,,,,
python-ulid,both,3.1.0,,,0,,,,,,,,,
python-wasmtime,v0,27.0.1,,,0,,,,,,,,,
python-webui,v1,2.5.6,3.10,,0,,,,,,,,,
pywebview,v0,4.2.2,,,0,,,,,,,,,
pyxform,v0,2.0.0,,,0,,,,,,,,,
pyyaml,v0,6.0.1,,,0,,,,,,,,,
qh3,v0,1.2.0,,,0,,,,,,,,,
queryish,v1,0.2,3.10,,0,,,,,,,,,
questionary,v0,2.0.1,,,0,,,,,,,,,
quickjs,v0,1.19.4,,,0,,,,,,,,,
radon,v0,6.0.1,,,0,,,,,,,,,
rai-core-flask,v0,0.6.0,,,0,,,,,,,,,
raitracker,v0,0.2.0,,,0,,,,,,,,,
raiutils,v0,0.4.0,,,0,,,,,,,,,
raiwidgets,v0,0.27.0,,,0,,,,,,,,,
RapidOCR,both,3.3.1,3.10,,0,,,,,,,,,
rcssmin,v0,1.1.2,,,0,,,,,,,,,
rdflib,v0,7.0.0,,,0,,,,,,,,,
reactpy,both,2.0.0b2,3.10,,0,,,,,,,,,
reactpy-apexcharts,v1,0.0.12,,,0,,,,,,,,,
reactpy-django,both,5.2.1,3.10,,0,,,,,,,,,
reactpy-forms,v1,0.0.8,,,0,,,,,,,,,
reactpy-github-buttons,v1,0.0.14,,,0,,,,,,,,,
reactpy-jupyter,v1,0.9.5,,,0,,,,,,,,,
reactpy-query,v1,0.2.0,,,0,,,,,,,,,
reactpy-router,both,1.0.0,3.10,,0,,,,,,,,,
reactpy-select,v1,0.0.5,,,0,,,,,,,,,
reactpy-table,v1,0.0.15,,,0,,,,,,,,,
reactpy-utils,v1,0.0.33,,,0,,,,,,,,,
redis-py,both,6.0.0,3.8,True,0,,,,,,,,,
redshift_connector,v0,2.1.10,3.10,,0,,,,,,,,,
reflex,both,0.8.16,3.11,,0,,,,,,,,,
reflex-hosting-cli,both,0.1.58,3.11,,0,,,,,,,,,
reloading,v1,1.1.2,3.10,,0,,,,,,,,,
repoze.lru,v0,0.7,,,0,,,,,,,,,
requests-cache,v0,1.1.0,,,0,,,,,,,,,
requests-jwt,v0,0.5.3,,,0,,,,,,,,,
responsibleai,v0,0.36.0,,,0,,,,,,,,,
responsibleai-text,v0,0.2.7,,,0,,,,,,,,,
rest-pandas,v0,1.1.0,,,0,,,,,,,,,
retry,v0,,,,0,,,,,,,,,
retry2,v0,0.9.5,,,0,,,,,,,,,
rise,v0,5.7.1,,,0,,,,,,,,,
rjsmin,v0,1.2.2,,,0,,,,,,,,,
robocorp,v0,2.0.0,,,0,,,,,,,,,
robocorp-browser,v0,2.1.0,,,0,,,,,,,,,
robocorp-excel,both,0.5.0,,,0,,,,,,,,,
robocorp-http,v0,0.4.0,,,0,,,,,,,,,
robocorp-inspector,v0,0.10.2,,,0,,,,,,,,,
robocorp-inspector-commons,v0,0.10.2,,,0,,,,,,,,,
robocorp-log,both,3.1.0,,,0,,,,,,,,,
robocorp-storage,both,1.1.0,,,0,,,,,,,,,
robocorp-tasks,both,4.1.0,,,0,,,,,,,,,
robocorp-vault,both,1.4.0,,,0,,,,,,,,,
robocorp-windows,v1,1.1.1,,,0,,,,,,,,,
robocorp-workitems,both,1.5.0,,,0,,,,,,,,,
robotcode,v1,1.9.0,,,0,,,,,,,,,
robotcode-analyze,v1,1.9.0,,,0,,,,,,,,,
robotcode-core,v1,1.9.0,,,0,,,,,,,,,
robotcode-debugger,v1,1.9.0,,,0,,,,,,,,,
robotcode-jsonrpc2,v1,1.9.0,,,0,,,,,,,,,
robotcode-language-server,v1,1.9.0,,,0,,,,,,,,,
robotcode-modifiers,v1,1.9.0,,,0,,,,,,,,,
robotcode-plugin,v1,1.9.0,,,0,,,,,,,,,
robotcode-repl,v1,1.9.0,,,0,,,,,,,,,
robotcode-repl-server,v1,1.9.0,,,0,,,,,,,,,
robotcode-robot,v1,1.9.0,,,0,,,,,,,,,
robotcode-runner,v1,1.9.0,,,0,,,,,,,,,
robotframework,both,7.3.2,3.10,,0,,,,,,,,,
robotframework-aiagent,v1,0.0.1,,,0,,,,,,,,,
robotframework-aiagent-slim,v1,0.0.1,,,0,,,,,,,,,
robotframework-assertion-engine,both,3.0.3,3.10,,0,,,,,,,,,
robotframework-browser,both,19.9.0,3.10,,0,,,,,,,,,
robotframework-databaselibrary,both,2.3.1,3.10,,0,,,,,,,,,
robotframework-datadriver,v1,1.11.2,3.10,,0,,,,,,,,,
robotframework-excellib,v0,2.0.1,,,0,,,,,,,,,
robotframework-pythonlibcore,v1,4.4.1,3.10,,0,,,,,,,,,
robotframework-requests,both,0.9.7,3.10,,0,,,,,,,,,
RocksDict,v0,0.3.27,,,0,,,,,,,,,
rouge,v0,1.0.1,,,0,,,,,,,,,
rpa,v0,1.50.0,,,0,,,,,,,,,
rpaframework,both,31.2.0,3.10,,0,,,,,,,,,
rpaframework-core,both,12.1.1,3.10,,0,,,,,,,,,
rpaframework-pdf,both,10.0.0,3.10,,0,,,,,,,,,
rpaframework-windows,v0,7.3.2,,,0,,,,,,,,,
rpds-py,v0,0.18.1,,,0,,,,,,,,,
rpm-vercmp,v0,0.1.2,,,0,,,,,,,,,
ruamel.yaml.jinja2,v0,0.2.7,,,0,,,,,,,,,
runcell,both,0.1.15,3.10,,0,,,,,,,,,
s3transfer,v0,0.7.0,,,0,,,,,,,,,
safety,v0,2.3.5,,,0,,,,,,,,,
salt,v0,3007.1,,,0,,,,,,,,,
sas7bdat-converter,v0,2.0.0,,,0,,,,,,,,,
schemaorg,v0,0.1.1,,,0,,,,,,,,,
seedir,v0,0.5.0,,,0,,,,,,,,,
segment-analytics-python,v0,2.2.3,,,0,,,,,,,,,
seldon-core,v0,1.17.1,,,0,,,,,,,,,
selectolax,v0,0.3.20,,,0,,,,,,,,,
selenium,v0,4.25.0,,,0,,,,,,,,,
sema4ai-action-server,v1,3.1.1,3.12,,0,,,,,,,,,
sema4ai-actions,v1,1.6.6,3.10,,0,,,,,,,,,
sema4ai-common,v1,0.2.2,3.11,,0,,,,,,,,,
sema4ai-data,v1,1.2.2,3.10,,0,,,,,,,,,
sema4ai-http-helper,v1,2.1.2,3.10,,0,,,,,,,,,
sema4ai-mcp,v1,0.0.3,3.10,,0,,,,,,,,,
semgrep,v0,1.63.0,,,0,,,,,,,,,
sentry-sdk,v0,1.36.0,,,0,,,,,,,,,
setuptools-git-version,v0,1.0.3,,,0,,,,,,,,,
setuptools-git-versioning,v0,2.0.0,,,0,,,,,,,,,
setuptools-parcels,v0,0.0.8,,,0,,,,,,,,,
sf-hamilton,v0,1.81.2,,,0,,,,,,,,,
sf-hamilton-contrib,v0,0.0.8,,,0,,,,,,,,,
sf-hamilton-sdk,v0,0.8.0,,,0,,,,,,,,,
sf-hamilton-ui,v0,0.0.17,,,0,,,,,,,,,
shap,v0,0.45.0,,,0,,,,,,,,,
shapash,both,2.8.0,3.10,,0,,,,,,,,,
shillelagh,v0,1.2.24,,,0,,,,,,,,,
shortid,v0,0.1.2,,,0,,,,,,,,,
shot-scraper,v0,1.9.1,3.10,,0,,,,,,,,,
simgrep,v0,0.1.0,,,0,,,,,,,,,
simple-salesforce,v0,1.12.5,,,0,,,,,,,,,
singleton-decorator,v0,1.0.0,,,0,,,,,,,,,
sketch,v0,0.5.0,,,0,,,,,,,,,
skope-rules,v0,1.0.1,,,0,,,,,,,,,
skranger,v0,0.7.0,,,0,,,,,,,,,
slf4j-api,v0,2.0.17,,,0,,,,,,,,,
smartcommit,v1,0.0.1,,,0,,,,,,,,,
smartsheet-python-sdk,v0,3.0.2,,,0,,,,,,,,,
smmap,v0,5.0.0,,,0,,,,,,,,,
solara,v0,1.27.0,,,0,,,,,,,,,
soundfile,v1,0.13.1,,,0,,,,,,,,,
spacy,v0,3.7.5,,,0,,,,,,,,,
spec-kit,v0,0.1.4,3.11,,0,,,,,,,,,
spec-workflow-mcp,both,2.0.9,,,0,,,,,,,,,
sphinx-external-toc,v0,1.0.0,,,0,,,,,,,,,
sphinx-wagtail-theme,v0,6.2.0,,,0,,,,,,,,,
sphinx_rtd_theme,v0,2.0.0,,,0,,,,,,,,,
splunk-opentelemetry,both,2.9.0,3.10,,0,,,,,,,,,
sqlalchemy-dremio,both,3.0.5,3.10,,0,,,,,,,,,
sqlfluff,v1,4.0.4,3.10,,0,,,,,,,,,
sqlfluff-templater-dbt,v1,4.0.4,3.10,,0,,,,,,,,,
sqlglot,both,27.6.0,,,0,,,,,,,,,
sqlglotc,both,29.0.1,,,0,,,,,,,,,
sqlite-history,v0,0.1,,,0,,,,,,,,,
sqlite-migrate,v0,0.1b0,,,0,,,,,,,,,
sqllineage,v0,1.4.3,,,0,,,,,,,,,
sqlmesh,both,0.196.2,3.9,True,0,,,,,,,,,
ssh-python,v0,1.0.0,,,0,,,,,,,,,
starlette-compress,v1,1.6.0,,,0,,,,,,,,,
streamlit,v1,1.51.0,,,0,,,,,,,,,
streamlit-reveal-slides,v0,0.2.0,,,0,,,,,,,,,
streamlit_code_editor,v0,0.1.10,,,0,,,,,,,,,
StringZilla,both,4.4.2,,,0,,,,,,,,,
structlog-gcp,both,0.5.0,3.10,,0,,,,,,,,,
superduperdb,v0,0.1.0,,,0,,,,,,,,,
supervisor,v0,4.0.2,,,0,,,,,,,,,
supervisor-win,v1,4.7.0,3.10,,0,,,,,,,,,
swapper,v0,1.1.0,,,0,,,,,,,,,
synthetic-data,v0,1.2.3,,,0,,,,,,,,,
tabcmd,v0,2.0.12,,,0,,,,,,,,,
table-evaluator,v0,1.7.1,,,0,,,,,,,,,
tableau-to-sqlite,v0,0.2.1,,,0,,,,,,,,,
tableauscraper,v0,0.1.2,,,0,,,,,,,,,
tabpy,v0,2.10.0,,,0,,,,,,,,,
tagui,v0,1.50.0,,,0,,,,,,,,,
taipy,v0,3.0.0,,,0,,,,,,,,,
taipy-config,v0,3.0.0,,,0,,,,,,,,,
taipy-core,v0,3.0.0,,,0,,,,,,,,,
taipy-gui,v0,3.0.0,,,0,,,,,,,,,
taipy-rest,v0,3.0.0,,,0,,,,,,,,,
taipy-templates,v0,3.0.0,,,0,,,,,,,,,
tastymap,v0,0.4.0,,,0,,,,,,,,,
tbxforms,v0,3.0.0,,,0,,,,,,,,,
tencentcloud-sdk-python,v1,3.0.1336,,,0,,,,,,,,,
tensorflow-io,v0,0.34.0,,,0,,,,,,,,,
teradata-mcp-server,both,0.1.5,,,0,,,,,,,,,
textract,v0,1.6.5,,,0,,,,,,,,,
textract-plus,v0,0.1b0,,,0,,,,,,,,,
textstat,both,0.7.7,3.9,True,0,,,,,,,,,
textual,v0,6.11.0,3.10,,0,,,,,,,,,
textual-speedups,v1,0.2.1,,,0,,,,,,,,,
tika-client,v1,0.10.0,3.10,,0,,,,,,,,,
time-machine,v0,2.10.0,,,0,,,,,,,,,
timeconvert,v0,3.0.13,,,0,,,,,,,,,
timelib,v0,0.3.0,,,0,,,,,,,,,
timer,v0,0.3.0,,,0,,,,,,,,,
tinyhtml5,v1,2.0.0,3.9,True,0,,,,,,,,,
toolbox-core,v1,0.5.0,3.10,,0,,,,,,,,,
tox,v0,4.15.1,,,0,,,,,,,,,
tox-poetry-installer,v0,0.10.3,,,0,,,,,,,,,
tox-uv,v0,1.15.0,,,0,,,,,,,,,
tree-sitter,both,0.25.2,,,0,,,,,,,,,
trufflehog,v0,2.2.1,,,0,,,,,,,,,
trufflehog3,v0,3.0.9,,,0,,,,,,,,,
truststore,v1,0.10.4,3.10,,0,,,,,,,,,
turbodbc,v0,4.8.0,,,0,,,,,,,,,
types-appdirs,v0,1.4.3.5,,,0,,,,,,,,,
types-lxml,both,2025.3.30,3.9,True,0,,,,,,,,,
tyrannosaurus,v0,0.10.4,,,0,,,,,,,,,
uavro,v0,0.1.2,,,0,,,,,,,,,
uiautomation,v0,2.0.24,,,0,,,,,,,,,
unicode-slugify,v0,0.1.5,,,0,,,,,,,,,
universal-document-mcp,v1,1.0.0,3.10,,0,,,,,,,,,
universal-mcp,v1,0.1.23,3.11,,0,,,,,,,,,
universal-mcp-confluence,v1,0.1.4,3.10,,0,,,,,,,,,
universal-mcp-github,v1,0.1.2,3.10,,0,,,,,,,,,
universal-mcp-jira,both,0.1.4,3.10,,0,,,,,,,,,
universal-mcp-markitdown,v1,0.1.2,3.11,,0,,,,,,,,,
upload,v0,0.1.1,,,0,,,,,,,,,
urllib3-future,v0,2.10.902,,,0,,,,,,,,,
urllib3.future,v0,2.9.900,,,0,,,,,,,,,
uvenv,v0,3.9.0,,,0,,,,,,,,,
uvicorn-worker,v0,0.2.0,,,0,,,,,,,,,
uvx,v0,2.5.1,,,0,,,,,,,,,
v6d,v0,16.0.6,,,0,,,,,,,,,
validate-pyproject,v0,0.23,,,0,,,,,,,,,
vcver,v0,0.2.12,,,0,,,,,,,,,
verlib2,v0,0.1.0,,,0,,,,,,,,,
versiontag,v0,1.2.0,,,0,,,,,,,,,
viewflow,v0,2.0.0,,,0,,,,,,,,,
vishap,v0,0.1.5,,,0,,,,,,,,,
vision-explanation-methods,v0,0.1.1,,,0,,,,,,,,,
visions,v1,0.8.1,3.10,,0,,,,,,,,,
vizro,both,0.1.54,3.10,,0,,,,,,,,,
vizro-ai,both,0.4.0,3.10,,0,,,,,,,,,
vizro-dash-components,v1,0.1.1,3.10,,0,,,,,,,,,
vizro-mcp,v0,0.1.1,3.10,,0,,,,,,,,,
vllm,v0,0.4.2,,,0,,,,,,,,,
vllm-nccl-cu12,v0,2.18.1.0.4.0,,,0,,,,,,,,,
voila,v0,0.5.8,,,0,,,,,,,,,
vulture,both,2.16,3.10,,0,,,,,,,,,
wagtail,both,7.3,3.10,,0,,,,,,,,,
wagtail-ab-testing,v0,0.9,,,0,,,,,,,,,
wagtail-accessibility,v0,2.0.0,,,0,,,,,,,,,
wagtail-advanced-form-builder,v0,1.0.2,,,0,,,,,,,,,
wagtail-ai,both,3.0.0,3.11,,0,,,,,,,,,
wagtail-app-pages,v0,0.3.6,,,0,,,,,,,,,
wagtail-attachments,v0,4.1.0,,,0,,,,,,,,,
wagtail-autocomplete,v0,0.12.0,,,0,,,,,,,,,
wagtail-bakery,v0,0.8.0,,,0,,,,,,,,,
wagtail-blocks,v0,1.0.1,,,0,,,,,,,,,
wagtail-bynder,v0,0.1.0,,,0,,,,,,,,,
wagtail-cache,v0,2.4.0,,,0,,,,,,,,,
wagtail-cache-invalidator,v0,0.7.0,,,0,,,,,,,,,
wagtail-charcount,v0,0.2.0,,,0,,,,,,,,,
wagtail-cjkcms,v0,23.12.2,,,0,,,,,,,,,
wagtail-ckeditor,v0,1.2.2,,,0,,,,,,,,,
wagtail-code-blog,v0,0.5.0,,,0,,,,,,,,,
wagtail-color-panel,v0,1.5.0,,,0,,,,,,,,,
wagtail-constance,v0,0.0.2,,,0,,,,,,,,,
wagtail-content-import,v0,0.8.0,,,0,,,,,,,,,
wagtail-draftail-plugins,both,0.3.0,,,0,,,,,,,,,
wagtail-dynamic-dropdown,v0,0.0.4,,,0,,,,,,,,,
wagtail-experiments,v0,0.3.1,,,0,,,,,,,,,
wagtail-external-link-richtext,v0,1.1.3,,,0,,,,,,,,,
wagtail-factories,v0,4.1.0,,,0,,,,,,,,,
wagtail-favicon,v0,0.3.0,,,0,,,,,,,,,
wagtail-feedback,v0,1.1.6,,,0,,,,,,,,,
wagtail-flags,both,5.5.0,3.12,,0,,,,,,,,,
wagtail-flexible-forms,v0,2.0.0,,,0,,,,,,,,,
wagtail-font-awesome-svg,v0,1.0.1,,,0,,,,,,,,,
wagtail-footnotes,v0,0.10.0,,,0,,,,,,,,,
wagtail-formation,v0,0.1.9,,,0,,,,,,,,,
wagtail-freezer,v0,0.1.0,,,0,,,,,,,,,
wagtail-generic-chooser,v0,0.6.1,,,0,,,,,,,,,
wagtail-grafl,v0,0.0.1,,,0,,,,,,,,,
wagtail-grapple,v0,0.25.0,,,0,,,,,,,,,
wagtail-headless-preview,v0,0.7.0,,,0,,,,,,,,,
wagtail-heroicons,v0,0.1.3,,,0,,,,,,,,,
wagtail-humanitarian-icons,v0,2.0.0,,,0,,,,,,,,,
wagtail-icon-chooser,v0,0.0.6,,,0,,,,,,,,,
wagtail-import-export-tool,v0,0.9.5,,,0,,,,,,,,,
wagtail-import-export-updated,v0,0.1.5,,,0,,,,,,,,,
wagtail-inventory,both,3.3,3.12,,0,,,,,,,,,
wagtail-json-widget,v0,0.0.7,,,0,,,,,,,,,
wagtail-knowledgebase,v0,1.0,,,0,,,,,,,,,
wagtail-linkchecker,v0,0.6.0,,,0,,,,,,,,,
wagtail-live,v0,1.0,,,0,,,,,,,,,
wagtail-liveedit,v0,0.0.8,,,0,,,,,,,,,
wagtail-localize-openai-translator,v0,0.3.0,,,0,,,,,,,,,
wagtail-maps,v0,0.3.0,,,0,,,,,,,,,
wagtail-markdown,v0,0.12.1,,,0,,,,,,,,,
wagtail-meta-preview,v0,4.0.0,,,0,,,,,,,,,
wagtail-metadata,v0,4.0.3,,,0,,,,,,,,,
wagtail-model-forms,v0,0.4.8,,,0,,,,,,,,,
wagtail-modeladmin,v0,1.0.0,,,0,,,,,,,,,
wagtail-nav-menus,v0,3.13.1,,,0,,,,,,,,,
wagtail-orderable,v0,1.2.0,,,0,,,,,,,,,
wagtail-pdf,v0,0.2.1,,,0,,,,,,,,,
wagtail-pdf-view,both,1.0.0,,,0,,,,,,,,,
wagtail-periodic-review,v0,0.2.0,,,0,,,,,,,,,
wagtail-plotly,v0,0.0.3,,,0,,,,,,,,,
wagtail-rangefilter,v0,0.2.0,,,0,,,,,,,,,
wagtail-resume,both,2.12.0,3.10,,0,,,,,,,,,
wagtail-review,v0,0.4,,,0,,,,,,,,,
wagtail-sb-admin-interface,v0,0.7.0,,,0,,,,,,,,,
wagtail-secret-sharing,v0,0.5.0,,,0,,,,,,,,,
wagtail-seo,both,3.1.0,3.10,,0,,,,,,,,,
wagtail-sharing,v0,2.12.1,,,0,,,,,,,,,
wagtail-site-inheritance,v0,1.1.0,,,0,,,,,,,,,
wagtail-storages,v0,1.0.0,,,0,,,,,,,,,
wagtail-streamfield-index,v0,0.0.4,,,0,,,,,,,,,
wagtail-surveyjs,v0,0.1.0,,,0,,,,,,,,,
wagtail-tag-manager,v0,2.0.0,,,0,,,,,,,,,
wagtail-taggable,v0,0.0.10,,,0,,,,,,,,,
wagtail-tenants,v0,0.2.0,,,0,,,,,,,,,
wagtail-themes,v0,0.5.0,,,0,,,,,,,,,
wagtail-transfer,v0,0.9.3,,,0,,,,,,,,,
wagtail-trash,v0,3.0.0,,,0,,,,,,,,,
wagtail-treemodeladmin,both,1.11.0,3.12,,0,,,,,,,,,
wagtail-user-workspace,v0,0.1.0.dev0,,,0,,,,,,,,,
wagtail-webstories,v0,0.1.1,,,0,,,,,,,,,
wagtail-word,v0,1.1.3,,,0,,,,,,,,,
wagtailcharts,v0,0.6.2,,,0,,,,,,,,,
wagtailcolumnblocks,v0,2.3.2,,,0,,,,,,,,,
wagtailextraicons,v0,3.0.0,,,0,,,,,,,,,
wagtailgridder,v0,1.0.4,,,0,,,,,,,,,
wagtailimagecaptions,v0,0.2.0,,,0,,,,,,,,,
wagtailmath,v0,1.3.0,,,0,,,,,,,,,
wagtailmedia,v0,0.14.5,,,0,,,,,,,,,
wagtailmenus,v0,4.0.1,,,0,,,,,,,,,
wagtailnews,v0,5.2.0,,,0,,,,,,,,,
wagtailstreamforms,v0,4.1.0,,,0,,,,,,,,,
wagtailtables,v0,0.2.2,,,0,,,,,,,,,
wagtailvideos,v0,7.0.0,,,0,,,,,,,,,
wasmtime-py,both,40.0.0,3.10,,0,,,,,,,,,
watchfiles,v0,0.20.0,,,0,,,,,,,,,
wave,v0,1.6.0,,,0,,,,,,,,,
wcmatch,v0,8.5.2,,,0,,,,,,,,,
weasel,both,{{,,,0,,,,,,,,,
weasyprint,both,67.0,3.10,,0,,,,,,,,,
webassets,v0,2.0,,,0,,,,,,,,,
webpack,v0,5.88.1,,,0,,,,,,,,,
webstories,v0,0.0.2,,,0,,,,,,,,,
webui2,v1,2.5.6,3.10,,0,,,,,,,,,
whisper,v1,1.1.10,3.10,,0,,,,,,,,,
whitenoise,both,6.11.0,3.10,,0,,,,,,,,,
whoosh-reloaded,v1,2.7.5,3.10,,0,,,,,,,,,
whylabs-client,v0,0.5.4,,,0,,,,,,,,,
whylogs,v0,1.3.0,,,0,,,,,,,,,
whylogs-sketching,v0,3.4.1.dev3,,,0,,,,,,,,,
wiki,v0,0.10,,,0,,,,,,,,,
win-precise-time,v0,1.4.2,,,0,,,,,,,,,
win_unicode_console,v1,0.5,3.9,True,0,,,,,,,,,
windows-curses,v0,2.4.0,,,0,,,,,,,,,
wordcloud,v0,1.9.3,,,0,,,,,,,,,
wq,v0,2.0.0,,,0,,,,,,,,,
wq.app,v0,2.0.0,,,0,,,,,,,,,
wq.build,v0,2.0.0,,,0,,,,,,,,,
wq.create,v0,2.0.0,,,0,,,,,,,,,
wq.db,v0,2.0.0,,,0,,,,,,,,,
wrapt,v1,1.17.3,,,0,,,,,,,,,
writefreely,both,0.16.0,,,0,,,,,,,,,
xapian-haystack,v0,3.1.0,,,0,,,,,,,,,
xdg-base-dirs,v1,6.0.2,3.10,,0,,,,,,,,,
xformers,both,0.0.30,,,0,,,,,,,,,
xlsconv,v0,2.0.0,,,0,,,,,,,,,
xorq,both,0.3.0,3.10,,0,,,,,,,,,
xorq-datafusion,both,0.2.3,3.10,,0,,,,,,,,,
xport,v0,3.6.1,,,0,,,,,,,,,
ydata-profiling,both,4.18.0,3.10,,0,,,,,,,,,
ydata-quality,both,0.1.0,3.7,True,0,,,,,,,,,
ydata-sdk,v1,1.1.4,3.10,,0,,,,,,,,,
ydata-synthetic,both,2.0.0,3.10,,0,,,,,,,,,
zensical,v1,0.0.5,3.10,,0,,,,,,,,,
zxing-cpp,v1,2.3.0,3.10,,0,,,,,,,,,
